"Industry-by-Industry Total Requirements, After Redefinitions - Summary"
"Industry-by-Industry Total Requirements, After Redefinitions - Summary"

,Industries/Industries,111CA,113FF,211,212,213,22,23,321,327,331,332,333,334,335,3361MV,3364OT,337,339,311FT,313TT,315AL,322,323,324,325,326,42,441,445,452,4A0,481,482,483,484,485,486,487OS,493,511,512,513,514,521CI,523,524,525,HS,ORE,532RL,5411,5415,5412OP,55,561,562,61,621,622,623,624,711AS,713,721,722,81,GFGD,GFGN,GFE,GSLG,GSLE
,Industry Description,Farms,"Forestry, fishing, and related activities",Oil and gas extraction,"Mining, except oil and gas",Support activities for mining,Utilities,Construction,Wood products,Nonmetallic mineral products,Primary metals,Fabricated metal products,Machinery,Computer and electronic products,"Electrical equipment, appliances, and components","Motor vehicles, bodies and trailers, and parts",Other transportation equipment,Furniture and related products,Miscellaneous manufacturing,Food and beverage and tobacco products,Textile mills and textile product mills,Apparel and leather and allied products,Paper products,Printing and related support activities,Petroleum and coal products,Chemical products,Plastics and rubber products,Wholesale trade,Motor vehicle and parts dealers,Food and beverage stores,General merchandise stores,Other retail,Air transportation,Rail transportation,Water transportation,Truck transportation,Transit and ground passenger transportation,Pipeline transportation,Other transportation and support activities,Warehousing and storage,"Publishing industries, except internet (includes software)",Motion picture and sound recording industries,Broadcasting and telecommunications,"Data processing, internet publishing, and other information services","Federal Reserve banks, credit intermediation, and related activities","Securities, commodity contracts, and investments",Insurance carriers and related activities,"Funds, trusts, and other financial vehicles",Housing,Other real estate,Rental and leasing services and lessors of intangible assets,Legal services,Computer systems design and related services,"Miscellaneous professional, scientific, and technical services",Management of companies and enterprises,Administrative and support services,Waste management and remediation services,Educational services,Ambulatory health care services,Hospitals,Nursing and residential care facilities,Social assistance,"Performing arts, spectator sports, museums, and related activities","Amusements, gambling, and recreation industries",Accommodation,Food services and drinking places,"Other services, except government",Federal general government (defense),Federal general government (nondefense),Federal government enterprises,State and local general government,State and local government enterprises
111CA,Farms,1.3248144,0.0290343,0.0019204,0.0029105,0.0014841,0.0012145,0.0040487,0.0198318,0.0048282,0.0028009,0.0025629,0.0023408,0.0009025,0.0027509,0.0042763,0.0014457,0.0073054,0.0058695,0.4261929,0.0507796,0.0138018,0.0095181,0.0078803,0.0049209,0.0454429,0.0169520,0.0020852,0.0020672,0.0035565,0.0021050,0.0018771,0.0028598,0.0020179,0.0033220,0.0014791,0.0011654,0.0006477,0.0016233,0.0011204,0.0009959,0.0014223,0.0012558,0.0017073,0.0011368,0.0012845,0.0005398,0.0009019,0.0002421,0.0030131,0.0016317,0.0008562,0.0014006,0.0040473,0.0014880,0.0033658,0.0024236,0.0072382,0.0037650,0.0057540,0.0098537,0.0287789,0.0030475,0.0126977,0.0092994,0.0386211,0.0019251,0.0036744,0.0008910,0.0036161,0.0174985,0.0025711
113FF,"Forestry, fishing, and related activities",0.0683194,1.1524110,0.0005295,0.0026001,0.0007234,0.0005103,0.0051309,0.1343044,0.0017724,0.0022175,0.0014387,0.0017454,0.0006048,0.0023740,0.0032367,0.0008742,0.0183565,0.0047311,0.0324245,0.0041072,0.0101637,0.0305611,0.0049350,0.0008170,0.0038489,0.0121161,0.0012183,0.0005439,0.0044475,0.0006935,0.0009011,0.0007324,0.0065732,0.0007006,0.0007171,0.0008619,0.0003113,0.0008302,0.0006084,0.0004412,0.0005769,0.0007205,0.0009572,0.0004375,0.0005191,0.0002621,0.0003476,0.0002134,0.0018011,0.0009310,0.0003545,0.0005146,0.0011027,0.0005674,0.0010102,0.0009416,0.0011122,0.0008965,0.0012212,0.0014827,0.0033143,0.0006093,0.0032206,0.0035889,0.0102304,0.0009173,0.0006987,0.0006529,0.0008872,0.0040449,0.0016480
211,Oil and gas extraction,0.0246960,0.0120038,1.1176576,0.0328763,0.0121297,0.0761047,0.0238164,0.0166355,0.0175590,0.0196293,0.0131062,0.0105276,0.0034975,0.0127947,0.0132662,0.0062795,0.0144824,0.0129331,0.0173016,0.0253626,0.0067168,0.0215456,0.0163912,0.6404890,0.0370102,0.0299099,0.0083906,0.0066422,0.0096160,0.0080563,0.0091871,0.1096593,0.0451151,0.0544598,0.0495319,0.0186712,0.0075368,0.0402514,0.0265711,0.0060249,0.0049448,0.0052486,0.0062238,0.0056113,0.0087103,0.0014735,0.0068571,0.0012609,0.0117525,0.0085305,0.0026900,0.0049073,0.0056918,0.0052068,0.0095729,0.0179712,0.0120155,0.0068558,0.0082649,0.0088719,0.0083635,0.0053866,0.0111544,0.0074951,0.0105688,0.0074366,0.0234834,0.0076866,0.0303627,0.0463780,0.1031834
212,"Mining, except oil and gas",0.0057999,0.0012400,0.0047608,1.0791333,0.0029015,0.0133494,0.0157037,0.0038332,0.0872089,0.0661107,0.0223606,0.0130451,0.0026392,0.0161662,0.0136537,0.0052212,0.0079332,0.0066829,0.0051526,0.0064799,0.0015128,0.0117887,0.0037261,0.0091316,0.0115003,0.0084294,0.0013853,0.0011628,0.0017067,0.0015783,0.0016672,0.0028038,0.0037356,0.0026335,0.0021369,0.0014565,0.0015059,0.0019701,0.0017329,0.0009410,0.0014080,0.0024404,0.0045153,0.0007917,0.0015561,0.0004093,0.0010064,0.0005601,0.0024005,0.0015786,0.0006266,0.0010740,0.0025339,0.0011530,0.0028081,0.0040636,0.0028665,0.0016333,0.0020043,0.0017671,0.0024577,0.0035380,0.0068528,0.0022034,0.0027935,0.0036606,0.0021960,0.0089683,0.0017128,0.0032647,0.0174492
213,Support activities for mining,0.0010228,0.0004626,0.0392850,0.0222040,1.0158541,0.0029544,0.0013492,0.0007880,0.0023996,0.0021046,0.0013002,0.0009029,0.0002592,0.0010967,0.0009825,0.0005160,0.0009118,0.0007113,0.0008046,0.0010957,0.0002963,0.0011426,0.0007269,0.0226621,0.0015859,0.0013680,0.0003456,0.0002736,0.0003913,0.0003321,0.0003809,0.0039375,0.0017044,0.0020820,0.0018201,0.0007143,0.0003838,0.0014820,0.0010071,0.0002488,0.0002141,0.0002933,0.0003399,0.0002233,0.0003527,0.0000659,0.0002715,0.0000625,0.0004905,0.0003648,0.0001153,0.0002251,0.0003025,0.0002289,0.0004195,0.0008443,0.0004969,0.0002883,0.0003549,0.0003639,0.0003950,0.0002702,0.0005549,0.0003416,0.0004586,0.0003752,0.0009249,0.0004748,0.0011279,0.0017254,0.0040713
22,Utilities,0.0279712,0.0057908,0.0346057,0.0436582,0.0069863,1.0676810,0.0158368,0.0227395,0.0395589,0.0393229,0.0278688,0.0191073,0.0085424,0.0204056,0.0231709,0.0194293,0.0219396,0.0148283,0.0238733,0.0348732,0.0087043,0.0460959,0.0281676,0.0380453,0.0267397,0.0356510,0.0138150,0.0167007,0.0442984,0.0387344,0.0260064,0.0188899,0.0082737,0.0126024,0.0202320,0.0093582,0.0242917,0.0126753,0.0214873,0.0063545,0.0086240,0.0147361,0.0154313,0.0055551,0.0079772,0.0026652,0.0098302,0.0016010,0.0306361,0.0095613,0.0057941,0.0054504,0.0084735,0.0131427,0.0100822,0.0200257,0.0167861,0.0088075,0.0155485,0.0201045,0.0124151,0.0102508,0.0253334,0.0248886,0.0299850,0.0152399,0.0098560,0.0087021,0.0289842,0.0182244,0.0204014
23,Construction,0.0093222,0.0027612,0.0066795,0.0400326,0.0147347,0.0188526,1.0061444,0.0090019,0.0181253,0.0170410,0.0129579,0.0093667,0.0039474,0.0088657,0.0101005,0.0061563,0.0093682,0.0076179,0.0096241,0.0105320,0.0044475,0.0158571,0.0112806,0.0145378,0.0082809,0.0118875,0.0080816,0.0093889,0.0137769,0.0173394,0.0136789,0.0078322,0.0335189,0.0077414,0.0105377,0.0111873,0.0113232,0.0113502,0.0124197,0.0038325,0.0051437,0.0084270,0.0075222,0.0094084,0.0095013,0.0030140,0.0058757,0.0284257,0.0438393,0.0093582,0.0047624,0.0032509,0.0069663,0.0073421,0.0065789,0.0101133,0.0073828,0.0050273,0.0092281,0.0110451,0.0092915,0.0070840,0.0126814,0.0210994,0.0114451,0.0116735,0.0199222,0.0077695,0.0114540,0.0209510,0.1683366
321,Wood products,0.0048101,0.0038983,0.0022170,0.0080940,0.0043115,0.0025141,0.0439212,1.3076931,0.0069249,0.0126373,0.0070667,0.0089257,0.0033829,0.0146310,0.0181015,0.0044782,0.1526752,0.0175888,0.0059627,0.0057321,0.0024801,0.0498514,0.0080454,0.0027295,0.0034843,0.0175635,0.0068004,0.0024276,0.0060882,0.0032359,0.0045904,0.0018148,0.0617682,0.0024918,0.0036536,0.0025800,0.0014864,0.0032970,0.0032570,0.0015997,0.0028159,0.0038651,0.0057842,0.0015320,0.0019247,0.0007701,0.0012101,0.0016093,0.0114859,0.0047603,0.0013378,0.0014298,0.0028539,0.0018788,0.0038573,0.0037013,0.0022439,0.0024263,0.0036106,0.0027558,0.0073167,0.0020426,0.0047248,0.0065831,0.0043554,0.0041277,0.0024292,0.0025225,0.0024632,0.0052685,0.0110228
327,Nonmetallic mineral products,0.0023274,0.0009016,0.0069544,0.0100033,0.0067847,0.0023825,0.0468413,0.0105683,1.1233586,0.0165042,0.0105286,0.0102143,0.0023295,0.0198248,0.0222255,0.0039977,0.0088626,0.0080046,0.0060086,0.0036223,0.0019803,0.0063220,0.0028481,0.0073828,0.0042268,0.0122298,0.0016310,0.0020658,0.0019405,0.0017328,0.0025356,0.0023228,0.0035729,0.0024371,0.0025189,0.0016243,0.0013214,0.0019738,0.0022316,0.0009974,0.0010507,0.0052680,0.0032125,0.0010488,0.0015157,0.0005957,0.0009756,0.0014962,0.0034192,0.0038584,0.0007576,0.0014869,0.0044591,0.0013240,0.0025545,0.0053549,0.0013714,0.0032159,0.0044146,0.0021388,0.0044466,0.0011905,0.0026504,0.0023791,0.0042172,0.0040386,0.0025204,0.0032466,0.0020108,0.0033338,0.0189171
331,Primary metals,0.0148952,0.0052642,0.0586341,0.0312690,0.0186748,0.0105557,0.0478596,0.0306962,0.0411289,1.4935191,0.4266293,0.2482434,0.0448034,0.2920511,0.2332367,0.0869328,0.1220034,0.0898198,0.0245476,0.0212258,0.0079740,0.0427858,0.0209760,0.0379278,0.0153962,0.0430473,0.0082362,0.0059489,0.0071162,0.0064013,0.0079257,0.0113219,0.0257789,0.0218706,0.0135438,0.0087601,0.0138193,0.0152530,0.0127812,0.0047201,0.0041063,0.0140216,0.0109415,0.0029080,0.0048945,0.0018148,0.0032869,0.0018919,0.0114238,0.0095807,0.0025623,0.0085293,0.0092514,0.0051980,0.0111891,0.0377801,0.0083371,0.0059522,0.0087939,0.0063139,0.0145905,0.0040371,0.0113384,0.0079093,0.0087198,0.0205235,0.0192573,0.0135046,0.0129106,0.0102823,0.0323338
332,Fabricated metal products,0.0154331,0.0066005,0.0379407,0.0260369,0.0163133,0.0122774,0.0738742,0.0465192,0.0321465,0.0819029,1.1550639,0.1060568,0.0311828,0.1255609,0.0961496,0.0705148,0.0908892,0.0473772,0.0344670,0.0293359,0.0112661,0.0575304,0.0284989,0.0289312,0.0233362,0.0558891,0.0082028,0.0059503,0.0072214,0.0065327,0.0087552,0.0102944,0.0167303,0.0401534,0.0143159,0.0105899,0.0319119,0.0152717,0.0144714,0.0062051,0.0042524,0.0214510,0.0113541,0.0034351,0.0052018,0.0018986,0.0035281,0.0026188,0.0108230,0.0120293,0.0027643,0.0109175,0.0096927,0.0057455,0.0099237,0.0481127,0.0082589,0.0056041,0.0090592,0.0062840,0.0189260,0.0037954,0.0110993,0.0124753,0.0115139,0.0208073,0.0200151,0.0109584,0.0107472,0.0113409,0.0402287
333,Machinery,0.0100336,0.0030345,0.0330215,0.0432449,0.0292017,0.0064190,0.0259709,0.0094763,0.0086793,0.0194527,0.0229700,1.1063284,0.0038112,0.0273752,0.0793835,0.0203056,0.0089933,0.0119604,0.0124379,0.0075141,0.0030526,0.0142194,0.0226634,0.0209382,0.0120385,0.0170313,0.0044721,0.0032137,0.0039954,0.0034108,0.0045188,0.0067163,0.0055054,0.0068893,0.0083628,0.0043953,0.0031859,0.0190024,0.0155804,0.0022164,0.0022209,0.0043024,0.0051849,0.0014263,0.0024202,0.0017954,0.0016185,0.0009881,0.0052387,0.0059107,0.0013665,0.0062095,0.0042240,0.0029018,0.0078101,0.0458104,0.0091010,0.0031135,0.0041893,0.0034373,0.0047038,0.0022139,0.0044236,0.0027828,0.0044198,0.0139164,0.0062091,0.0042528,0.0054824,0.0068688,0.0172491
334,Computer and electronic products,0.0071745,0.0030409,0.0072159,0.0073245,0.0050630,0.0036461,0.0124218,0.0195656,0.0124322,0.0191788,0.0293796,0.0365539,1.1410294,0.0520174,0.0650623,0.1023174,0.0252492,0.0240810,0.0118860,0.0194963,0.0073404,0.0172128,0.0234772,0.0076984,0.0124677,0.0219799,0.0240215,0.0070016,0.0060560,0.0067603,0.0070401,0.0055470,0.0068065,0.0087952,0.0061725,0.0046110,0.0031785,0.0058732,0.0054537,0.0131485,0.0099040,0.0311470,0.0233293,0.0035384,0.0072424,0.0017920,0.0083309,0.0007918,0.0060231,0.0060436,0.0065393,0.0159133,0.0108073,0.0176037,0.0137455,0.0177738,0.0077290,0.0124653,0.0064934,0.0048843,0.0073430,0.0034269,0.0054215,0.0052518,0.0059793,0.0137550,0.0442573,0.0192745,0.0047538,0.0068775,0.0125296
335,"Electrical equipment, appliances, and components",0.0172692,0.0029706,0.0043494,0.0054875,0.0086258,0.0020351,0.0285747,0.0074759,0.0040151,0.0137919,0.0164717,0.0530403,0.0101834,1.0969979,0.0255581,0.0113789,0.0063779,0.0091050,0.0091364,0.0047742,0.0018864,0.0072999,0.0048732,0.0038912,0.0045285,0.0091891,0.0028220,0.0026333,0.0024208,0.0061501,0.0026081,0.0026277,0.0068034,0.0038428,0.0028477,0.0040536,0.0015902,0.0029136,0.0033690,0.0014963,0.0013568,0.0083032,0.0029807,0.0012941,0.0025736,0.0007600,0.0015532,0.0009768,0.0041423,0.0034541,0.0010265,0.0084547,0.0048442,0.0017948,0.0042273,0.0132805,0.0027930,0.0014453,0.0032265,0.0047188,0.0043968,0.0016343,0.0043802,0.0040840,0.0030742,0.0081456,0.0066089,0.0139739,0.0026612,0.0033292,0.0172891
3361MV,"Motor vehicles, bodies and trailers, and parts",0.0078231,0.0048561,0.0092745,0.0147762,0.0066692,0.0034877,0.0081354,0.0267579,0.0110403,0.0168918,0.0142603,0.0493075,0.0064510,0.0155059,1.4085337,0.0254234,0.0169418,0.0112812,0.0123966,0.0106662,0.0061285,0.0176924,0.0088191,0.0074744,0.0064704,0.0103636,0.0092772,0.0099082,0.0127972,0.0049780,0.0107230,0.0042872,0.0060290,0.0083987,0.0234377,0.0113248,0.0025686,0.0064317,0.0168712,0.0034143,0.0036256,0.0056499,0.0052870,0.0019672,0.0031576,0.0012035,0.0019368,0.0006726,0.0052328,0.0115433,0.0017958,0.0031176,0.0054490,0.0042832,0.0203542,0.0249610,0.0042476,0.0032276,0.0065266,0.0040464,0.0139425,0.0034772,0.0043337,0.0036910,0.0059928,0.0317807,0.0175543,0.0045009,0.0441924,0.0082546,0.0107186
3364OT,Other transportation equipment,0.0007192,0.0009082,0.0005217,0.0007967,0.0004326,0.0005296,0.0007209,0.0012132,0.0009373,0.0014994,0.0012149,0.0029608,0.0005639,0.0013020,0.0075836,1.2540701,0.0008818,0.0006184,0.0008736,0.0005935,0.0003157,0.0010108,0.0006439,0.0005574,0.0005458,0.0008985,0.0007664,0.0003909,0.0004480,0.0003048,0.0005919,0.0084462,0.0143468,0.0297632,0.0024775,0.0017016,0.0003116,0.0115540,0.0007968,0.0003052,0.0003454,0.0004152,0.0004755,0.0002272,0.0005460,0.0001191,0.0003196,0.0000512,0.0004126,0.0005421,0.0001782,0.0003465,0.0014722,0.0003236,0.0006375,0.0018073,0.0002857,0.0002655,0.0003796,0.0002938,0.0004710,0.0002599,0.0015406,0.0002448,0.0003945,0.0011743,0.1054491,0.0027263,0.0013095,0.0003998,0.0010964
337,Furniture and related products,0.0002918,0.0001170,0.0002335,0.0006251,0.0002634,0.0003532,0.0102481,0.0043529,0.0004444,0.0005108,0.0004732,0.0010553,0.0005464,0.0005058,0.0006893,0.0006718,1.0438121,0.0017895,0.0003596,0.0006811,0.0003824,0.0007409,0.0004170,0.0003208,0.0002792,0.0017731,0.0006701,0.0006431,0.0003267,0.0003418,0.0016813,0.0002167,0.0007962,0.0002838,0.0003268,0.0002374,0.0002190,0.0002859,0.0002643,0.0001595,0.0003048,0.0004473,0.0009137,0.0001861,0.0002291,0.0000843,0.0001544,0.0014341,0.0007208,0.0002682,0.0001608,0.0001561,0.0005550,0.0002229,0.0002565,0.0003796,0.0001959,0.0003994,0.0004327,0.0002825,0.0012275,0.0016053,0.0017979,0.0003900,0.0005739,0.0006001,0.0003857,0.0002265,0.0010825,0.0003922,0.0054014
339,Miscellaneous manufacturing,0.0008839,0.0003104,0.0008171,0.0010977,0.0006421,0.0004562,0.0018600,0.0013158,0.0015344,0.0012687,0.0014980,0.0070385,0.0007744,0.0051526,0.0067925,0.0012241,0.0017767,1.0492026,0.0009782,0.0028986,0.0092456,0.0012037,0.0017966,0.0007405,0.0010962,0.0021694,0.0012394,0.0029829,0.0010528,0.0006057,0.0019863,0.0005732,0.0005903,0.0008844,0.0007809,0.0008964,0.0004384,0.0009987,0.0012858,0.0006162,0.0006224,0.0009722,0.0009449,0.0004278,0.0007090,0.0002917,0.0004373,0.0001207,0.0010994,0.0008889,0.0003708,0.0006321,0.0018528,0.0006207,0.0026492,0.0041458,0.0014497,0.0178047,0.0254618,0.0029728,0.0079913,0.0012211,0.0018794,0.0006147,0.0014068,0.0030067,0.0030088,0.0019259,0.0006109,0.0034759,0.0012823
311FT,Food and beverage and tobacco products,0.1029630,0.0091075,0.0016441,0.0018376,0.0013530,0.0015707,0.0020802,0.0048691,0.0079170,0.0036888,0.0025042,0.0021282,0.0007464,0.0023749,0.0033214,0.0012326,0.0033486,0.0030686,1.2392398,0.0105917,0.0227769,0.0062229,0.0123449,0.0042686,0.0198299,0.0095359,0.0034272,0.0013728,0.0048427,0.0028263,0.0021858,0.0052001,0.0014556,0.0070240,0.0018930,0.0013463,0.0008331,0.0021134,0.0013228,0.0013307,0.0021543,0.0016644,0.0026119,0.0020612,0.0021295,0.0008045,0.0015434,0.0002545,0.0046575,0.0024186,0.0014073,0.0023185,0.0054983,0.0022761,0.0028642,0.0027432,0.0167691,0.0039308,0.0109227,0.0232362,0.0804841,0.0072142,0.0279719,0.0223526,0.0900731,0.0029516,0.0072434,0.0018241,0.0089535,0.0395848,0.0022188
313TT,Textile mills and textile product mills,0.0012978,0.0009860,0.0006738,0.0010897,0.0005767,0.0004019,0.0029455,0.0067203,0.0034726,0.0014977,0.0013387,0.0041402,0.0005850,0.0017015,0.0105785,0.0042146,0.0483528,0.0130009,0.0022009,1.2026775,0.1108906,0.0271453,0.0095856,0.0010994,0.0024320,0.0150178,0.0020991,0.0006185,0.0010256,0.0153026,0.0021135,0.0006324,0.0008549,0.0014662,0.0008491,0.0008656,0.0002988,0.0008535,0.0006007,0.0004751,0.0030815,0.0009272,0.0006250,0.0002979,0.0005215,0.0002632,0.0003196,0.0001823,0.0008302,0.0011410,0.0002584,0.0004366,0.0008873,0.0004426,0.0010084,0.0026581,0.0006502,0.0010586,0.0015266,0.0096826,0.0071681,0.0004831,0.0019899,0.0075952,0.0013994,0.0017806,0.0025734,0.0020390,0.0010531,0.0023204,0.0015020
315AL,Apparel and leather and allied products,0.0004122,0.0001079,0.0001299,0.0001574,0.0001057,0.0001071,0.0002151,0.0003034,0.0002791,0.0003198,0.0002233,0.0003212,0.0000782,0.0002237,0.0032889,0.0002038,0.0008229,0.0020291,0.0004787,0.0084884,1.1035629,0.0005765,0.0162579,0.0001693,0.0002570,0.0004768,0.0004962,0.0003519,0.0001785,0.0012698,0.0005123,0.0001593,0.0001331,0.0002820,0.0002571,0.0002022,0.0000961,0.0001715,0.0001440,0.0002231,0.0003824,0.0015294,0.0002623,0.0001067,0.0002054,0.0001188,0.0001261,0.0000309,0.0002111,0.0004250,0.0001080,0.0001133,0.0001973,0.0001652,0.0003836,0.0009689,0.0003298,0.0002096,0.0003714,0.0002875,0.0010308,0.0005736,0.0005564,0.0003878,0.0007758,0.0020480,0.0006731,0.0005091,0.0026474,0.0016835,0.0002907
322,Paper products,0.0077653,0.0021289,0.0037513,0.0055888,0.0032319,0.0025117,0.0080752,0.0185584,0.0229280,0.0212677,0.0163377,0.0149026,0.0047169,0.0210037,0.0253117,0.0070994,0.0328462,0.0237285,0.0405180,0.0210776,0.0065977,1.2983534,0.1406821,0.0047661,0.0143956,0.0334067,0.0081037,0.0025615,0.0065506,0.0041323,0.0056676,0.0038107,0.0043815,0.0043767,0.0047519,0.0217787,0.0022710,0.0101406,0.0044345,0.0057405,0.0035028,0.0035141,0.0041659,0.0024631,0.0038099,0.0036111,0.0023307,0.0005236,0.0044824,0.0055605,0.0027380,0.0035427,0.0049838,0.0036209,0.0096520,0.0087450,0.0035426,0.0043989,0.0061551,0.0070597,0.0110010,0.0029415,0.0044105,0.0147618,0.0117296,0.0052972,0.0033599,0.0099480,0.0048111,0.0119979,0.0052559
323,Printing and related support activities,0.0014293,0.0007563,0.0013027,0.0013558,0.0011060,0.0012822,0.0018201,0.0018022,0.0015232,0.0035670,0.0021824,0.0020088,0.0006604,0.0019900,0.0025562,0.0012549,0.0026761,0.0019273,0.0019262,0.0043228,0.0028847,0.0031005,1.0154005,0.0013563,0.0014115,0.0020327,0.0057210,0.0018065,0.0017753,0.0019217,0.0081631,0.0013817,0.0014225,0.0019558,0.0022038,0.0026401,0.0009647,0.0021946,0.0011500,0.0084474,0.0062471,0.0023833,0.0076636,0.0020072,0.0039582,0.0045798,0.0023750,0.0002584,0.0019991,0.0026493,0.0025354,0.0018407,0.0042220,0.0030076,0.0044878,0.0019760,0.0028035,0.0022438,0.0045396,0.0017995,0.0061164,0.0040833,0.0025742,0.0034665,0.0024843,0.0024663,0.0019836,0.0046904,0.0015683,0.0050585,0.0029703
324,Petroleum and coal products,0.0328430,0.0165252,0.0298956,0.0437414,0.0168250,0.0391917,0.0330505,0.0213273,0.0214799,0.0247681,0.0161318,0.0130864,0.0041575,0.0163189,0.0164050,0.0071786,0.0183324,0.0167904,0.0224622,0.0310385,0.0084697,0.0263991,0.0204412,1.0572068,0.0355845,0.0369981,0.0103278,0.0076896,0.0096405,0.0079451,0.0102865,0.1586144,0.0651244,0.0777243,0.0697404,0.0261894,0.0077125,0.0570366,0.0324990,0.0052699,0.0054305,0.0059525,0.0069567,0.0074598,0.0115212,0.0017521,0.0088944,0.0016577,0.0136515,0.0110237,0.0030951,0.0064007,0.0069917,0.0060396,0.0124995,0.0231788,0.0087187,0.0084172,0.0098967,0.0104387,0.0105239,0.0063300,0.0120808,0.0083304,0.0122581,0.0089079,0.0331464,0.0100182,0.0249370,0.0657198,0.0828597
325,Chemical products,0.0966007,0.0603960,0.0397615,0.0450339,0.0207788,0.0140297,0.0348118,0.0714338,0.0566581,0.0326077,0.0448632,0.0386171,0.0177658,0.0506686,0.0785528,0.0235157,0.0819999,0.0801146,0.0626558,0.3402456,0.0465260,0.0980179,0.0916082,0.1120031,1.3340064,0.4086058,0.0148927,0.0080861,0.0114073,0.0120671,0.0133393,0.0250207,0.0185804,0.0185702,0.0174367,0.0111255,0.0057179,0.0158360,0.0136509,0.0080718,0.0106768,0.0123994,0.0122716,0.0047651,0.0083683,0.0039859,0.0054305,0.0019345,0.0218734,0.0115229,0.0045703,0.0081604,0.0259351,0.0093033,0.0228393,0.0347476,0.0103918,0.0698290,0.0512552,0.0379757,0.0209653,0.0088341,0.0171735,0.0105971,0.0186840,0.0186747,0.0291165,0.0198405,0.0110530,0.0432037,0.0386820
326,Plastics and rubber products,0.0128584,0.0046925,0.0052911,0.0180434,0.0086180,0.0032825,0.0251545,0.0207907,0.0166002,0.0149324,0.0162621,0.0394195,0.0113173,0.0279647,0.0666814,0.0183320,0.0526405,0.0380753,0.0326323,0.0267626,0.0123779,0.0295247,0.0466404,0.0071725,0.0225300,1.1014900,0.0151565,0.0057849,0.0103926,0.0057915,0.0092408,0.0055072,0.0051128,0.0056767,0.0080896,0.0048121,0.0032473,0.0101342,0.0061877,0.0035483,0.0039176,0.0116417,0.0057682,0.0018353,0.0032246,0.0035399,0.0021540,0.0010352,0.0050375,0.0101909,0.0017245,0.0063431,0.0080452,0.0030560,0.0072925,0.0118085,0.0050133,0.0114248,0.0107775,0.0105394,0.0143884,0.0027612,0.0056189,0.0045313,0.0134401,0.0095107,0.0081967,0.0070738,0.0049963,0.0126273,0.0198262
42,Wholesale trade,0.1617804,0.0686695,0.0564811,0.0719378,0.0367257,0.0289122,0.0974545,0.1639329,0.0911343,0.1846249,0.1382264,0.1483348,0.0657239,0.1556686,0.2304454,0.0983481,0.1561311,0.1074775,0.1857185,0.1323716,0.1086835,0.1408373,0.0941439,0.0899168,0.1224921,0.1571320,1.0459240,0.0224152,0.0249423,0.0263111,0.0375003,0.0456098,0.0618981,0.0565459,0.0494779,0.0279116,0.0179618,0.0400582,0.0338544,0.0366934,0.0137558,0.0373434,0.0268660,0.0097282,0.0161877,0.0066143,0.0121994,0.0044502,0.0263436,0.0564204,0.0092790,0.0208276,0.0273227,0.0223459,0.0331857,0.0638952,0.0216387,0.0471233,0.0451509,0.0348420,0.0517027,0.0146311,0.0346364,0.0286561,0.0560718,0.0370878,0.0555190,0.0311463,0.0348123,0.0525317,0.0798749
441,Motor vehicle and parts dealers,0.0006170,0.0002818,0.0011993,0.0022653,0.0010751,0.0004297,0.0021361,0.0033242,0.0019879,0.0014240,0.0019344,0.0061109,0.0007046,0.0009110,0.0078175,0.0025868,0.0023831,0.0020972,0.0019230,0.0011658,0.0006242,0.0029134,0.0013961,0.0009256,0.0010856,0.0014949,0.0005404,1.0014380,0.0027145,0.0008015,0.0020805,0.0005530,0.0007537,0.0009703,0.0035772,0.0007771,0.0003309,0.0007073,0.0009324,0.0005005,0.0005864,0.0005757,0.0005685,0.0002856,0.0004096,0.0001802,0.0002478,0.0001790,0.0008981,0.0021316,0.0002544,0.0004307,0.0007028,0.0004516,0.0030256,0.0017133,0.0003501,0.0003539,0.0005837,0.0004631,0.0005236,0.0004138,0.0005917,0.0004906,0.0007253,0.0066844,0.0006085,0.0005790,0.0005238,0.0005575,0.0009360
445,Food and beverage stores,0.0001425,0.0000218,0.0000288,0.0000415,0.0000206,0.0001686,0.0001509,0.0000496,0.0000713,0.0000617,0.0000493,0.0000587,0.0000192,0.0000505,0.0000614,0.0000255,0.0000894,0.0000705,0.0000977,0.0000590,0.0000326,0.0000569,0.0002744,0.0000462,0.0000907,0.0000651,0.0000426,0.0000420,1.0000481,0.0000384,0.0000551,0.0000832,0.0000708,0.0000439,0.0006220,0.0002299,0.0000219,0.0001685,0.0000366,0.0000243,0.0000282,0.0000257,0.0000394,0.0000371,0.0000397,0.0000147,0.0000277,0.0000382,0.0001077,0.0000507,0.0000260,0.0000395,0.0000425,0.0000346,0.0001022,0.0000477,0.0000429,0.0000541,0.0000640,0.0000778,0.0000559,0.0000311,0.0000468,0.0001455,0.0014470,0.0000506,0.0000247,0.0000250,0.0000307,0.0000392,0.0000546
452,General merchandise stores,0.0003979,0.0000746,0.0001226,0.0002141,0.0000914,0.0004339,0.0010324,0.0002861,0.0002614,0.0002156,0.0002085,0.0004355,0.0000942,0.0001942,0.0004907,0.0001652,0.0004361,0.0003621,0.0003451,0.0002362,0.0001113,0.0002673,0.0009559,0.0001412,0.0002215,0.0002208,0.0001178,0.0001712,0.0002641,1.0001323,0.0002442,0.0001434,0.0002295,0.0001498,0.0017632,0.0006330,0.0000686,0.0004496,0.0001271,0.0000768,0.0000826,0.0000860,0.0001069,0.0000689,0.0000974,0.0000369,0.0000594,0.0002040,0.0003227,0.0002244,0.0000567,0.0000730,0.0001065,0.0000785,0.0003932,0.0001790,0.0002177,0.0000841,0.0001236,0.0001146,0.0001187,0.0000964,0.0001259,0.0003362,0.0004318,0.0004519,0.0000911,0.0000929,0.0000936,0.0001113,0.0002599
4A0,Other retail,0.0064900,0.0011214,0.0016814,0.0050164,0.0015052,0.0077823,0.0513871,0.0067637,0.0034716,0.0035963,0.0029599,0.0043705,0.0012771,0.0029972,0.0045934,0.0017100,0.0062124,0.0047714,0.0050576,0.0048297,0.0016525,0.0038311,0.0170078,0.0031224,0.0063391,0.0041685,0.0019089,0.0039693,0.0028458,0.0044770,1.0033642,0.0025685,0.0045813,0.0095233,0.0288168,0.0096920,0.0012964,0.0087532,0.0019839,0.0009794,0.0012838,0.0013136,0.0015831,0.0012950,0.0016291,0.0005816,0.0010113,0.0037443,0.0052124,0.0020184,0.0008345,0.0009860,0.0015442,0.0011690,0.0028555,0.0023599,0.0015896,0.0015785,0.0019908,0.0021551,0.0019967,0.0026394,0.0031600,0.0065925,0.0091417,0.0042530,0.0019637,0.0013344,0.0018009,0.0023316,0.0097899
481,Air transportation,0.0039134,0.0043439,0.0017895,0.0023013,0.0023315,0.0027558,0.0027692,0.0064382,0.0070724,0.0044708,0.0037895,0.0034064,0.0011291,0.0031792,0.0045513,0.0023417,0.0042710,0.0030366,0.0041630,0.0032092,0.0025677,0.0044281,0.0038023,0.0021184,0.0024415,0.0045486,0.0052548,0.0019830,0.0022732,0.0020222,0.0029829,1.0045155,0.0023326,0.0060552,0.0123416,0.0023893,0.0013884,0.0101608,0.0043590,0.0025826,0.0033639,0.0024663,0.0042332,0.0051279,0.0067435,0.0008113,0.0044242,0.0004965,0.0083066,0.0051760,0.0027812,0.0059045,0.0038809,0.0024295,0.0055713,0.0054904,0.0031219,0.0031707,0.0026210,0.0029437,0.0040164,0.0022205,0.0032070,0.0018644,0.0038424,0.0022666,0.0085725,0.0078691,0.0062964,0.0029360,0.0025325
482,Rail transportation,0.0096609,0.0020055,0.0035177,0.0100270,0.0020201,0.0055431,0.0045318,0.0116276,0.0187704,0.0196436,0.0098483,0.0065661,0.0014439,0.0078145,0.0086178,0.0031928,0.0090457,0.0047892,0.0126723,0.0058224,0.0016023,0.0195221,0.0053980,0.0065640,0.0089887,0.0129231,0.0012002,0.0007671,0.0012740,0.0010046,0.0011775,0.0025927,1.0044981,0.0021422,0.0113916,0.0012766,0.0008332,0.0025923,0.0013095,0.0006292,0.0006438,0.0011275,0.0010123,0.0004721,0.0009282,0.0003125,0.0005882,0.0002327,0.0014455,0.0011457,0.0004032,0.0006760,0.0012157,0.0006470,0.0015814,0.0023185,0.0009654,0.0013623,0.0014575,0.0015135,0.0025872,0.0007128,0.0015858,0.0014899,0.0030159,0.0013518,0.0016228,0.0039529,0.0078623,0.0028588,0.0071826
483,Water transportation,0.0030941,0.0003788,0.0016608,0.0019084,0.0005086,0.0007114,0.0010717,0.0004835,0.0034085,0.0030201,0.0014890,0.0009463,0.0002408,0.0013495,0.0010329,0.0004126,0.0007843,0.0008175,0.0031093,0.0012223,0.0002880,0.0011064,0.0004346,0.0013837,0.0016536,0.0012993,0.0003042,0.0002009,0.0002456,0.0001996,0.0002752,0.0004879,0.0003692,1.0007541,0.0004263,0.0002186,0.0002868,0.0003119,0.0003477,0.0001770,0.0001569,0.0002003,0.0002223,0.0001271,0.0002950,0.0000631,0.0001716,0.0000495,0.0002885,0.0002515,0.0000772,0.0001338,0.0003303,0.0001544,0.0003096,0.0005178,0.0003711,0.0003074,0.0003443,0.0002825,0.0004966,0.0001604,0.0003454,0.0002927,0.0005736,0.0002480,0.0030884,0.0007620,0.0143395,0.0006956,0.0010318
484,Truck transportation,0.0432518,0.0170703,0.0110812,0.0225693,0.0073345,0.0087436,0.0276243,0.0410376,0.0482582,0.0578509,0.0360231,0.0300601,0.0092962,0.0335375,0.0396297,0.0171805,0.0390294,0.0209199,0.0659439,0.0329240,0.0213233,0.0379395,0.0217457,0.0216523,0.0206762,0.0288061,0.0114736,0.0105364,0.0112664,0.0090616,0.0141112,0.0251254,0.0143142,0.0157732,1.0558444,0.0078754,0.0051682,0.0401514,0.0159588,0.0054484,0.0048841,0.0062593,0.0072058,0.0023396,0.0042381,0.0016195,0.0027504,0.0011908,0.0076827,0.0075502,0.0023881,0.0041106,0.0069570,0.0037150,0.0071065,0.0170458,0.0054987,0.0059914,0.0079612,0.0073038,0.0136214,0.0044755,0.0098386,0.0072814,0.0130355,0.0078556,0.0149130,0.0063262,0.0173692,0.0114285,0.0175974
485,Transit and ground passenger transportation,0.0007306,0.0003846,0.0008968,0.0009418,0.0011444,0.0031012,0.0011044,0.0013105,0.0015524,0.0016938,0.0015056,0.0012035,0.0003415,0.0010174,0.0013333,0.0007200,0.0015132,0.0011924,0.0010129,0.0009956,0.0009941,0.0014543,0.0016627,0.0009077,0.0007200,0.0014192,0.0017350,0.0011583,0.0012032,0.0011634,0.0015672,0.0009257,0.0040499,0.0015075,0.0011755,1.0012223,0.0008220,0.0018312,0.0009679,0.0014935,0.0030357,0.0023336,0.0030457,0.0038677,0.0036842,0.0017269,0.0025215,0.0003452,0.0055755,0.0032469,0.0022010,0.0043522,0.0030999,0.0016448,0.0037742,0.0027930,0.0022359,0.0023543,0.0038784,0.0033844,0.0019681,0.0145231,0.0017537,0.0011199,0.0023088,0.0013441,0.0006815,0.0010231,0.0008765,0.0071888,0.0038811
486,Pipeline transportation,0.0022270,0.0009779,0.0213622,0.0028883,0.0009224,0.0150620,0.0017510,0.0014115,0.0016896,0.0018154,0.0012274,0.0009528,0.0003396,0.0011098,0.0011705,0.0006623,0.0012530,0.0010458,0.0015545,0.0021019,0.0005790,0.0020200,0.0014499,0.0355521,0.0025266,0.0022796,0.0008142,0.0006870,0.0012215,0.0010334,0.0009960,0.0080916,0.0033211,0.0041315,0.0038751,0.0014643,1.0008054,0.0031012,0.0020671,0.0004409,0.0004594,0.0005500,0.0006281,0.0004868,0.0007628,0.0001478,0.0006272,0.0001089,0.0012255,0.0007741,0.0002876,0.0004313,0.0005153,0.0005503,0.0008446,0.0015521,0.0008727,0.0005681,0.0007810,0.0008836,0.0007631,0.0005370,0.0010749,0.0008435,0.0011388,0.0007231,0.0017896,0.0006723,0.0046730,0.0035181,0.0163828
487OS,Other transportation and support activities,0.0146904,0.0078489,0.0063747,0.0133187,0.0044372,0.0217045,0.0111747,0.0217557,0.0222434,0.0196680,0.0134663,0.0123178,0.0045057,0.0130722,0.0172621,0.0076827,0.0183010,0.0102984,0.0198154,0.0145289,0.0102550,0.0191111,0.0143170,0.0109940,0.0098426,0.0157753,0.0394274,0.0115874,0.0132687,0.0079640,0.0246197,0.1196513,0.0190593,0.0677031,0.1687625,0.0158808,0.0146088,1.1473780,0.0422684,0.0076348,0.0117062,0.0051538,0.0136305,0.0040951,0.0119170,0.0014853,0.0065068,0.0008092,0.0061083,0.0189110,0.0041428,0.0054180,0.0087866,0.0049705,0.0081968,0.0217837,0.0046614,0.0059999,0.0100318,0.0057854,0.0104158,0.0061624,0.0079068,0.0044976,0.0082272,0.0055223,0.0066099,0.0050061,0.0175960,0.0064408,0.0186024
493,Warehousing and storage,0.0067779,0.0020791,0.0023312,0.0045007,0.0017147,0.0033938,0.0060512,0.0134857,0.0181656,0.0067629,0.0065575,0.0065050,0.0032068,0.0060190,0.0080578,0.0038194,0.0089724,0.0072547,0.0102205,0.0279272,0.0127585,0.0232356,0.0162747,0.0045933,0.0071551,0.0183131,0.0182495,0.0252502,0.0315178,0.0233029,0.0349374,0.0034732,0.0030288,0.0158442,0.0241060,0.0055895,0.0031205,0.0075380,1.0462273,0.0035611,0.0039556,0.0030897,0.0051294,0.0011073,0.0018423,0.0007852,0.0011693,0.0004055,0.0034815,0.0049997,0.0017440,0.0023974,0.0029129,0.0017795,0.0144429,0.0062546,0.0018023,0.0027823,0.0044249,0.0032453,0.0038485,0.0028878,0.0028211,0.0024976,0.0050005,0.0030384,0.0028362,0.0044207,0.0019961,0.0056689,0.0042741
511,"Publishing industries, except internet (includes software)",0.0017700,0.0008861,0.0021446,0.0019939,0.0014779,0.0038917,0.0029148,0.0030459,0.0030554,0.0032938,0.0033212,0.0029671,0.0009546,0.0025739,0.0029090,0.0027243,0.0034479,0.0027850,0.0023284,0.0023628,0.0020633,0.0031521,0.0032936,0.0021003,0.0015767,0.0024944,0.0051584,0.0053154,0.0032193,0.0038160,0.0056565,0.0028426,0.0031871,0.0034641,0.0026556,0.0032419,0.0018814,0.0043730,0.0030266,1.0948108,0.0031775,0.0041773,0.0121892,0.0045055,0.0062264,0.0023581,0.0046866,0.0004805,0.0044076,0.0047604,0.0071032,0.0061404,0.0069540,0.0039135,0.0103998,0.0055533,0.0059137,0.0029432,0.0052419,0.0028637,0.0051316,0.0034567,0.0037270,0.0026791,0.0041311,0.0036268,0.0025195,0.0088999,0.0022610,0.0077391,0.0051831
512,Motion picture and sound recording industries,0.0007359,0.0003689,0.0009923,0.0008842,0.0007565,0.0010168,0.0011372,0.0009582,0.0012197,0.0011611,0.0011038,0.0010038,0.0003355,0.0008894,0.0010780,0.0007007,0.0011382,0.0009392,0.0009487,0.0009460,0.0008325,0.0010591,0.0012029,0.0009469,0.0006095,0.0009770,0.0017520,0.0031307,0.0028920,0.0010070,0.0019438,0.0015685,0.0009408,0.0017563,0.0014625,0.0013038,0.0023771,0.0014200,0.0008368,0.0021862,1.2803118,0.0915990,0.0035914,0.0013450,0.0024050,0.0008406,0.0016787,0.0001662,0.0025332,0.0021828,0.0016589,0.0014487,0.0045167,0.0023302,0.0023512,0.0017760,0.0036220,0.0011230,0.0013883,0.0059039,0.0077736,0.0042358,0.0019558,0.0056681,0.0072165,0.0019105,0.0015852,0.0066445,0.0024299,0.0036347,0.0015904
513,Broadcasting and telecommunications,0.0068052,0.0032477,0.0081761,0.0074552,0.0067256,0.0091763,0.0108095,0.0089233,0.0118591,0.0106893,0.0103387,0.0090022,0.0029164,0.0080409,0.0094570,0.0065164,0.0105341,0.0085359,0.0085242,0.0085555,0.0071639,0.0096091,0.0116287,0.0076238,0.0052467,0.0087466,0.0155760,0.0138088,0.0110744,0.0085905,0.0181087,0.0108502,0.0080165,0.0150268,0.0140435,0.0129375,0.0172810,0.0129510,0.0075208,0.0151709,0.0166301,1.1301849,0.0378790,0.0112129,0.0192712,0.0080133,0.0146988,0.0014265,0.0230228,0.0152996,0.0168541,0.0112991,0.0160996,0.0128975,0.0221231,0.0171344,0.0128670,0.0087247,0.0114416,0.0113683,0.0095426,0.0105094,0.0153735,0.0213651,0.0156419,0.0140275,0.0147262,0.0274515,0.0205179,0.0384074,0.0148024
514,"Data processing, internet publishing, and other information services",0.0063650,0.0037049,0.0084717,0.0086542,0.0062788,0.0188362,0.0117145,0.0146437,0.0173623,0.0150765,0.0158767,0.0144686,0.0036781,0.0128069,0.0125925,0.0112447,0.0179450,0.0135881,0.0100800,0.0114973,0.0092150,0.0163754,0.0142319,0.0085562,0.0065982,0.0114676,0.0161569,0.0249563,0.0169382,0.0145878,0.0278540,0.0123291,0.0102206,0.0149743,0.0107662,0.0150719,0.0102864,0.0134587,0.0097326,0.0292514,0.0142759,0.0181401,1.0466515,0.0253765,0.0244772,0.0089550,0.0218905,0.0024497,0.0185841,0.0173521,0.0212361,0.0212668,0.0254640,0.0169742,0.0502346,0.0299498,0.0237197,0.0090515,0.0163014,0.0117859,0.0121689,0.0175061,0.0180809,0.0119741,0.0235910,0.0177412,0.0129324,0.0295042,0.0118930,0.0253507,0.0226172
521CI,"Federal Reserve banks, credit intermediation, and related activities",0.0219812,0.0165545,0.0341145,0.0260365,0.0211125,0.0302341,0.0199322,0.0172428,0.0257008,0.0242831,0.0220198,0.0202634,0.0102826,0.0218634,0.0284121,0.0125068,0.0237310,0.0213789,0.0236890,0.0226465,0.0516022,0.0233293,0.0217547,0.0285445,0.0172386,0.0231800,0.0340267,0.0205266,0.0247696,0.0273518,0.0306128,0.0274505,0.0949312,0.0478331,0.0262012,0.0511739,0.0843736,0.0229702,0.0173634,0.0262260,0.0234442,0.0363999,0.0241320,1.0919856,0.0982494,0.0066003,0.0773796,0.0697356,0.0873594,0.0548306,0.0159526,0.0144017,0.0216378,0.0618897,0.0213849,0.0256859,0.0161342,0.0165100,0.0243446,0.0211916,0.0193678,0.0188376,0.0297135,0.0234760,0.0342616,0.0240286,0.0080261,0.0244699,0.0228171,0.0174321,0.0280499
523,"Securities, commodity contracts, and investments",0.0050949,0.0029031,0.0111050,0.0288492,0.0765008,0.0066294,0.0057399,0.0045883,0.0077650,0.0158449,0.0133780,0.0116771,0.0027109,0.0099202,0.0125130,0.0055736,0.0128709,0.0107277,0.0057864,0.0052888,0.0082582,0.0059241,0.0048861,0.0084088,0.0042909,0.0057881,0.0081352,0.0040256,0.0053139,0.0061367,0.0067072,0.0130507,0.0202247,0.0190917,0.0080345,0.0278080,0.0127980,0.0126856,0.0046241,0.0049481,0.0095510,0.0064279,0.0048593,0.0883172,1.0980174,0.0093617,0.5194845,0.0075429,0.0163951,0.0214181,0.0044159,0.0040892,0.0058377,0.0284693,0.0061033,0.0069174,0.0041391,0.0051314,0.0261809,0.0061238,0.0200273,0.0101885,0.0061347,0.0050005,0.0212360,0.0094400,0.0024815,0.0043390,0.0051298,0.0040118,0.0185438
524,Insurance carriers and related activities,0.0264034,0.0231845,0.0269353,0.0238198,0.0274150,0.0169295,0.0136521,0.0201723,0.0282753,0.0239709,0.0208353,0.0219147,0.0066337,0.0263423,0.0331643,0.0146030,0.0260266,0.0182623,0.0274408,0.0273051,0.0204799,0.0208262,0.0150987,0.0219880,0.0167060,0.0219065,0.0406736,0.0234206,0.0223995,0.0216520,0.0302657,0.0204076,0.0143907,0.0403267,0.0668901,0.1946210,0.0139698,0.0390564,0.0364857,0.0098380,0.0331135,0.0164815,0.0133609,0.0198111,0.0469610,1.5335530,0.0953620,0.0049228,0.0663108,0.0508187,0.0177136,0.0136575,0.0197381,0.0132313,0.0222771,0.0294583,0.0221800,0.0211913,0.0339727,0.0303253,0.0542534,0.0305950,0.0272730,0.0146958,0.0262862,0.0158666,0.0077017,0.0127181,0.1222980,0.0124666,0.0636423
525,"Funds, trusts, and other financial vehicles",0.0000579,0.0000506,0.0000670,0.0000566,0.0000611,0.0000377,0.0000313,0.0000453,0.0000629,0.0000606,0.0000488,0.0000519,0.0000156,0.0000599,0.0000748,0.0000335,0.0000579,0.0000421,0.0000619,0.0000612,0.0000459,0.0000475,0.0000340,0.0000532,0.0000385,0.0000493,0.0000913,0.0000507,0.0000493,0.0000504,0.0000673,0.0000460,0.0000320,0.0000886,0.0001439,0.0004118,0.0000303,0.0000867,0.0000790,0.0000224,0.0000713,0.0000363,0.0000297,0.0000430,0.0001016,0.0032348,1.0165314,0.0000106,0.0001430,0.0001107,0.0000390,0.0000302,0.0000435,0.0001080,0.0000501,0.0000680,0.0000491,0.0000486,0.0000740,0.0000670,0.0001165,0.0000674,0.0000599,0.0000334,0.0000616,0.0000370,0.0000174,0.0000279,0.0002590,0.0002014,0.0001368
HS,Housing,0.0000000,0.0000000,0.0000000,0.0000000,0.0000000,0.0000000,0.0000000,0.0000000,0.0000000,0.0000000,0.0000000,0.0000000,0.0000000,0.0000000,0.0000000,0.0000000,0.0000000,0.0000000,0.0000000,0.0000000,0.0000000,0.0000000,0.0000000,0.0000000,0.0000000,0.0000000,0.0000000,0.0000000,0.0000000,0.0000000,0.0000000,0.0000000,0.0000000,0.0000000,0.0000000,0.0000000,0.0000000,0.0000000,0.0000000,0.0000000,0.0000000,0.0000000,0.0000000,0.0000000,0.0000000,0.0000000,0.0000000,1.0000000,0.0000000,0.0000000,0.0000000,0.0000000,0.0000000,0.0000000,0.0000000,0.0000000,0.0000000,0.0000000,0.0000000,0.0000000,0.0000000,0.0000000,0.0000000,0.0000000,0.0000000,0.0000000,0.0000000,0.0000000,0.0000000,0.0000000,0.0000000
ORE,Other real estate,0.0304452,0.0100889,0.0308575,0.0250252,0.0204670,0.0357156,0.0360454,0.0284799,0.0306563,0.0313702,0.0399002,0.0300666,0.0092568,0.0287405,0.0324230,0.0181752,0.0422350,0.0281767,0.0343866,0.0373493,0.0275072,0.0379307,0.0535627,0.0268582,0.0200384,0.0371771,0.0701714,0.0691901,0.1295811,0.1027060,0.1438145,0.0272697,0.0242519,0.0535247,0.0588804,0.0556172,0.0197094,0.0520958,0.0792048,0.0442252,0.0669705,0.0680848,0.0492332,0.0397676,0.0839627,0.0293404,0.0472740,0.0080933,1.1718801,0.0668560,0.0740517,0.0343763,0.0857123,0.0852767,0.0720492,0.0719392,0.1069993,0.0618956,0.1160471,0.1459853,0.0891830,0.0998488,0.1423646,0.0412489,0.1001450,0.1105502,0.0170511,0.0534662,0.0266480,0.0246106,0.0349772
532RL,Rental and leasing services and lessors of intangible assets,0.0164539,0.0069837,0.0296270,0.0362228,0.0282432,0.0139828,0.0235881,0.0138928,0.0210329,0.0201398,0.0187185,0.0174275,0.0057910,0.0164177,0.0332241,0.0114565,0.0160123,0.0168902,0.0196581,0.0157302,0.1142926,0.0208703,0.0177676,0.0246181,0.0158963,0.0186606,0.0263720,0.0089878,0.0132912,0.0273168,0.0194860,0.0636464,0.0915949,0.1589671,0.0513799,0.0146732,0.0054519,0.0197675,0.0308529,0.0129420,0.0160555,0.0204905,0.0349829,0.0099142,0.0233022,0.0069812,0.0129154,0.0031592,0.0129328,1.0410246,0.0111248,0.0114960,0.0175647,0.0493290,0.0195696,0.0316993,0.0085698,0.0102551,0.0117573,0.0087802,0.0096886,0.0177894,0.0177069,0.0116698,0.0301015,0.0093239,0.0077022,0.0070777,0.0114561,0.0118271,0.0161228
5411,Legal services,0.0051437,0.0039001,0.0085456,0.0098805,0.0064780,0.0158319,0.0082078,0.0084380,0.0086137,0.0091158,0.0107638,0.0086462,0.0030853,0.0066895,0.0093635,0.0054335,0.0098237,0.0115759,0.0068975,0.0080645,0.0068551,0.0107724,0.0092445,0.0076717,0.0053201,0.0097108,0.0138373,0.0056408,0.0073525,0.0074798,0.0108875,0.0053738,0.0147324,0.0096647,0.0060102,0.0081587,0.0040543,0.0065512,0.0059978,0.0127195,0.0120098,0.0088232,0.0126330,0.0086988,0.0235839,0.0134561,0.0177674,0.0017108,0.0146534,0.0082325,1.0107816,0.0092946,0.0208241,0.0211055,0.0134167,0.0110402,0.0047474,0.0076278,0.0220011,0.0102912,0.0079695,0.0161854,0.0172274,0.0057215,0.0087945,0.0097979,0.0036032,0.0044838,0.0045294,0.0097441,0.0099910
5415,Computer systems design and related services,0.0056292,0.0028415,0.0221565,0.0099512,0.0042697,0.0099756,0.0079158,0.0078619,0.0081163,0.0091404,0.0105595,0.0110718,0.0031883,0.0068070,0.0089583,0.0105431,0.0091405,0.0077910,0.0073352,0.0072624,0.0051266,0.0082691,0.0102617,0.0157526,0.0048795,0.0081479,0.0146920,0.0142850,0.0076117,0.0109322,0.0120052,0.0102925,0.0184336,0.0099685,0.0077953,0.0102266,0.0037169,0.0063470,0.0064469,0.0268947,0.0091080,0.0101309,0.0272175,0.0107591,0.0205687,0.0086106,0.0142767,0.0014483,0.0110396,0.0077476,0.0147554,1.0183742,0.0106382,0.0081090,0.0220526,0.0139509,0.0092813,0.0066013,0.0103710,0.0085558,0.0107087,0.0073844,0.0111558,0.0073640,0.0108677,0.0080400,0.0109746,0.0488801,0.0051541,0.0169462,0.0208486
5412OP,"Miscellaneous professional, scientific, and technical services",0.0294336,0.0210098,0.0406710,0.0425663,0.0277885,0.0490587,0.0543798,0.0410732,0.0429119,0.0476638,0.0439769,0.0403223,0.0132354,0.0397997,0.0460348,0.0282994,0.0540083,0.0433563,0.0417163,0.0426870,0.0316346,0.0465740,0.0438882,0.0382277,0.0272550,0.0452882,0.0845198,0.0757626,0.0591310,0.0441662,0.0976581,0.0306243,0.0480930,0.0570808,0.0396963,0.0442157,0.0374709,0.0323242,0.0349201,0.0854001,0.0819802,0.0719138,0.1085688,0.0576718,0.0934919,0.0443877,0.0594024,0.0074751,0.0746375,0.0629551,0.0445353,0.0681962,1.1081462,0.0909652,0.0780982,0.0585974,0.0371293,0.0388265,0.0645891,0.0516491,0.0456969,0.0620221,0.0681162,0.0396466,0.0564582,0.0522162,0.0779327,0.0528918,0.0334919,0.0516642,0.0891959
55,Management of companies and enterprises,0.0202778,0.0084262,0.1235786,0.0758538,0.0316259,0.0158755,0.0251364,0.0213373,0.0366169,0.0295138,0.0305116,0.0543914,0.0170598,0.0351316,0.0445399,0.0269550,0.0267443,0.0373161,0.0450160,0.0423381,0.0321130,0.0338128,0.0231393,0.0818295,0.0378486,0.0331311,0.0660150,0.0132190,0.0224205,0.0569372,0.0395085,0.0348255,0.0169735,0.0432870,0.0295880,0.0141668,0.0066668,0.0365435,0.0226027,0.0187511,0.0128005,0.0147251,0.0166848,0.0144882,0.0305223,0.0090820,0.0196265,0.0022667,0.0280777,0.0412804,0.0188537,0.0150281,0.0204951,1.0103423,0.0350325,0.0491837,0.0192207,0.0466067,0.0248073,0.0346600,0.0230961,0.0210950,0.0233490,0.0275622,0.0735055,0.0229011,0.0121945,0.0099168,0.0107543,0.0153283,0.0261706
561,Administrative and support services,0.0234756,0.0108841,0.0277297,0.0306483,0.0272420,0.0452049,0.0309431,0.0320347,0.0348619,0.0515932,0.0561486,0.0381291,0.0126759,0.0340240,0.0421524,0.0387501,0.0358740,0.0322966,0.0326270,0.0330401,0.0515085,0.0406167,0.0629775,0.0300625,0.0243038,0.0368656,0.0681687,0.0420884,0.0428561,0.0503703,0.0639047,0.0462267,0.0388415,0.1328663,0.0636634,0.1208980,0.0547272,0.0686799,0.0652256,0.0902060,0.0537737,0.0752518,0.1048333,0.0403604,0.0608648,0.0255880,0.0353242,0.0061384,0.1422168,0.1105836,0.0527084,0.0806123,0.0669949,0.0617730,1.1380375,0.0935106,0.0400226,0.0429186,0.0861892,0.0732629,0.0416629,0.0750287,0.0550769,0.0362446,0.0476317,0.0494288,0.0280759,0.0621584,0.0248856,0.0428671,0.0527340
562,Waste management and remediation services,0.0025723,0.0011420,0.0044444,0.0031053,0.0029520,0.0042957,0.0038041,0.0031937,0.0040566,0.0151617,0.0068546,0.0046267,0.0012576,0.0048420,0.0048001,0.0024536,0.0047074,0.0031903,0.0035648,0.0040151,0.0020795,0.0049329,0.0040985,0.0045426,0.0032067,0.0041654,0.0044042,0.0048093,0.0064339,0.0050583,0.0068599,0.0027218,0.0036024,0.0034460,0.0061044,0.0032042,0.0044013,0.0058973,0.0046341,0.0022235,0.0031835,0.0031704,0.0026662,0.0019791,0.0038513,0.0024516,0.0030768,0.0004411,0.0399007,0.0055256,0.0035225,0.0022773,0.0046271,0.0045661,0.0053039,1.0849080,0.0054046,0.0039464,0.0065890,0.0077211,0.0052791,0.0043075,0.0080335,0.0043295,0.0058355,0.0077463,0.0015606,0.0039754,0.0041216,0.0106106,0.0136559
61,Educational services,0.0000785,0.0000513,0.0000617,0.0000618,0.0000544,0.0000684,0.0001077,0.0000948,0.0000813,0.0002263,0.0001225,0.0001000,0.0000331,0.0000968,0.0001164,0.0000591,0.0000936,0.0000735,0.0000887,0.0000744,0.0000629,0.0000989,0.0000997,0.0000657,0.0000610,0.0000885,0.0002487,0.0001955,0.0005505,0.0000736,0.0008920,0.0003526,0.0000872,0.0001187,0.0001346,0.0001111,0.0000574,0.0001143,0.0000620,0.0000724,0.0013723,0.0006603,0.0000998,0.0001129,0.0001198,0.0000328,0.0000825,0.0000232,0.0001867,0.0001177,0.0000711,0.0000884,0.0001136,0.0001703,0.0003045,0.0001892,1.0048598,0.0000706,0.0001104,0.0000887,0.0001195,0.0137335,0.0014684,0.0000774,0.0001517,0.0015064,0.0000559,0.0001676,0.0007629,0.0030553,0.0000999
621,Ambulatory health care services,0.0000280,0.0000255,0.0000316,0.0000243,0.0000429,0.0000323,0.0000246,0.0000369,0.0000276,0.0001428,0.0000597,0.0000484,0.0000244,0.0000484,0.0000553,0.0000247,0.0000364,0.0000319,0.0000304,0.0000289,0.0000184,0.0000419,0.0000286,0.0000597,0.0000240,0.0000336,0.0000314,0.0000143,0.0000217,0.0000256,0.0000311,0.0002682,0.0000272,0.0001351,0.0000330,0.0000209,0.0000194,0.0000428,0.0000167,0.0000208,0.0000359,0.0000520,0.0000239,0.0000423,0.0002881,0.0000124,0.0001408,0.0000047,0.0000345,0.0000382,0.0000111,0.0000264,0.0000855,0.0000328,0.0000304,0.0000466,0.0000246,1.0138005,0.0139959,0.0000447,0.0000188,0.0000891,0.0000270,0.0000210,0.0000298,0.0000472,0.0000694,0.0038514,0.0000163,0.0025506,0.0000301
622,Hospitals,0.0000001,0.0000001,0.0000001,0.0000000,0.0000001,0.0000001,0.0000001,0.0000001,0.0000001,0.0000003,0.0000001,0.0000001,0.0000000,0.0000001,0.0000001,0.0000001,0.0000001,0.0000001,0.0000001,0.0000001,0.0000000,0.0000001,0.0000001,0.0000001,0.0000000,0.0000001,0.0000001,0.0000000,0.0000000,0.0000001,0.0000001,0.0000005,0.0000001,0.0000003,0.0000001,0.0000000,0.0000000,0.0000001,0.0000000,0.0000000,0.0000001,0.0000001,0.0000000,0.0000001,0.0000006,0.0000000,0.0000003,0.0000000,0.0000001,0.0000001,0.0000000,0.0000001,0.0000002,0.0000001,0.0000001,0.0000001,0.0000000,0.0000280,1.0004050,0.0000001,0.0000000,0.0000002,0.0000001,0.0000000,0.0000001,0.0000001,0.0000001,0.0000078,0.0000000,0.0000052,0.0000001
623,Nursing and residential care facilities,0.0000366,0.0000205,0.0000458,0.0000345,0.0000611,0.0000383,0.0000293,0.0000406,0.0000386,0.0000777,0.0000508,0.0000552,0.0000401,0.0000494,0.0000696,0.0000315,0.0000425,0.0000423,0.0000426,0.0000442,0.0000272,0.0000537,0.0000421,0.0001057,0.0000386,0.0000492,0.0000445,0.0000127,0.0000268,0.0000393,0.0000401,0.0005326,0.0000401,0.0002616,0.0000479,0.0000284,0.0000251,0.0000442,0.0000213,0.0000260,0.0000395,0.0000817,0.0000267,0.0000742,0.0005659,0.0000167,0.0002732,0.0000075,0.0000319,0.0000601,0.0000120,0.0000389,0.0000259,0.0000463,0.0000278,0.0000325,0.0000227,0.0000141,0.0000264,1.0000238,0.0000239,0.0000304,0.0000273,0.0000309,0.0000430,0.0000363,0.0001253,0.0077940,0.0000211,0.0005603,0.0000342
624,Social assistance,0.0000003,0.0000002,0.0000004,0.0000003,0.0000005,0.0000003,0.0000002,0.0000003,0.0000003,0.0000006,0.0000004,0.0000004,0.0000003,0.0000004,0.0000005,0.0000002,0.0000003,0.0000003,0.0000003,0.0000003,0.0000002,0.0000004,0.0000003,0.0000008,0.0000003,0.0000004,0.0000003,0.0000001,0.0000002,0.0000003,0.0000003,0.0000042,0.0000003,0.0000021,0.0000004,0.0000002,0.0000002,0.0000003,0.0000002,0.0000002,0.0000003,0.0000006,0.0000002,0.0000006,0.0000044,0.0000001,0.0000021,0.0000001,0.0000003,0.0000005,0.0000001,0.0000003,0.0000002,0.0000004,0.0000002,0.0000003,0.0000002,0.0000001,0.0000002,0.0000002,1.0000002,0.0000002,0.0000002,0.0000002,0.0000003,0.0000003,0.0000010,0.0000612,0.0000002,0.0000044,0.0000003
711AS,"Performing arts, spectator sports, museums, and related activities",0.0017703,0.0007035,0.0023058,0.0019186,0.0015038,0.0018484,0.0019565,0.0020366,0.0022201,0.0025076,0.0023429,0.0022395,0.0007153,0.0018915,0.0024421,0.0013775,0.0023307,0.0019752,0.0022036,0.0019940,0.0017739,0.0023775,0.0025464,0.0020607,0.0014402,0.0024149,0.0050379,0.0039599,0.0045888,0.0025677,0.0040163,0.0019193,0.0035619,0.0027403,0.0025278,0.0023173,0.0017844,0.0031734,0.0017374,0.0028257,0.1127267,0.0515494,0.0046305,0.0051701,0.0047806,0.0012852,0.0038761,0.0004824,0.0095948,0.0037899,0.0039520,0.0043949,0.0063124,0.0103500,0.0056826,0.0040094,0.0041634,0.0030345,0.0040961,0.0039267,0.0070155,1.1523417,0.0072866,0.0032879,0.0074112,0.0040981,0.0015822,0.0029570,0.0020948,0.0036921,0.0024283
713,"Amusements, gambling, and recreation industries",0.0004170,0.0001594,0.0005391,0.0004512,0.0004641,0.0005294,0.0005192,0.0005025,0.0006160,0.0005817,0.0005557,0.0005293,0.0001632,0.0004151,0.0005642,0.0003108,0.0005746,0.0004825,0.0004892,0.0003963,0.0003946,0.0005341,0.0006067,0.0004658,0.0003336,0.0005520,0.0010776,0.0002900,0.0006212,0.0003759,0.0011735,0.0003509,0.0004089,0.0005444,0.0003581,0.0003697,0.0002584,0.0004065,0.0002783,0.0005432,0.0006237,0.0004850,0.0010839,0.0014175,0.0013015,0.0002177,0.0008804,0.0001213,0.0005467,0.0009708,0.0008328,0.0016670,0.0009136,0.0027285,0.0015211,0.0010515,0.0005439,0.0009937,0.0004228,0.0006266,0.0008790,0.0008980,1.0015433,0.0013375,0.0014456,0.0003848,0.0027851,0.0003386,0.0002088,0.0010954,0.0006641
721,Accommodation,0.0011622,0.0005521,0.0015416,0.0015172,0.0020156,0.0030955,0.0015840,0.0020670,0.0024988,0.0023768,0.0024455,0.0020370,0.0005901,0.0016691,0.0022523,0.0012162,0.0025419,0.0020554,0.0016791,0.0017046,0.0017758,0.0023124,0.0033257,0.0015226,0.0011808,0.0024292,0.0033189,0.0015971,0.0021440,0.0020246,0.0027480,0.0016517,0.0020869,0.0026516,0.0018200,0.0019810,0.0014630,0.0027031,0.0016627,0.0028544,0.0036145,0.0026772,0.0071774,0.0078060,0.0074000,0.0012106,0.0049423,0.0006422,0.0106871,0.0054588,0.0040470,0.0092281,0.0045645,0.0034660,0.0068345,0.0059876,0.0033361,0.0038258,0.0025320,0.0031271,0.0031124,0.0024464,0.0034381,1.0019159,0.0048598,0.0023185,0.0030125,0.0035932,0.0013891,0.0025490,0.0022250
722,Food services and drinking places,0.0047025,0.0020381,0.0048789,0.0047290,0.0054393,0.0084032,0.0047339,0.0057038,0.0062946,0.0067156,0.0063352,0.0055488,0.0016951,0.0049026,0.0062641,0.0034189,0.0064372,0.0051164,0.0055165,0.0054669,0.0055051,0.0064070,0.0072075,0.0047418,0.0035165,0.0062946,0.0109159,0.0074403,0.0102095,0.0110694,0.0130075,0.0324280,0.0053372,0.0084010,0.0095738,0.0072430,0.0044811,0.0117477,0.0075006,0.0062624,0.0089954,0.0066252,0.0116975,0.0164954,0.0138131,0.0051173,0.0108403,0.0014831,0.0385177,0.0174243,0.0108365,0.0178866,0.0160621,0.0146692,0.0183853,0.0113971,0.0085857,0.0257441,0.0274596,0.0399390,0.0213571,0.0091004,0.0164065,0.0405333,1.0149298,0.0077892,0.0041454,0.0060663,0.0059447,0.0098298,0.0068388
81,"Other services, except government",0.0062444,0.0036259,0.0058907,0.0067630,0.0054694,0.0062996,0.0092387,0.0095311,0.0145848,0.0157080,0.0129136,0.0100883,0.0042078,0.0090527,0.0113899,0.0064645,0.0095478,0.0084589,0.0095566,0.0094795,0.0068577,0.0142254,0.0104852,0.0073303,0.0074312,0.0110628,0.0150144,0.0092816,0.0132952,0.0135454,0.0129557,0.0096607,0.0068525,0.0144822,0.0310613,0.0299474,0.0092011,0.0148471,0.0097465,0.0084470,0.0067982,0.0099219,0.0085674,0.0073068,0.0130232,0.0059371,0.0075984,0.0072121,0.0122346,0.0225335,0.0053556,0.0073676,0.0098694,0.0150903,0.0209314,0.0541415,0.0086614,0.0081056,0.0176649,0.0102444,0.0074970,0.0086272,0.0137416,0.0087509,0.0172859,1.0137238,0.0085333,0.0377154,0.0087648,0.0189131,0.0148353
GFGD,Federal general government (defense),0.0000000,0.0000000,0.0000000,0.0000000,0.0000000,0.0000000,0.0000000,0.0000000,0.0000000,0.0000000,0.0000000,0.0000000,0.0000000,0.0000000,0.0000000,0.0000000,0.0000000,0.0000000,0.0000000,0.0000000,0.0000000,0.0000000,0.0000000,0.0000000,0.0000000,0.0000000,0.0000000,0.0000000,0.0000000,0.0000000,0.0000000,0.0000000,0.0000000,0.0000000,0.0000000,0.0000000,0.0000000,0.0000000,0.0000000,0.0000000,0.0000000,0.0000000,0.0000000,0.0000000,0.0000000,0.0000000,0.0000000,0.0000000,0.0000000,0.0000000,0.0000000,0.0000000,0.0000000,0.0000000,0.0000000,0.0000000,0.0000000,0.0000000,0.0000000,0.0000000,0.0000000,0.0000000,0.0000000,0.0000000,0.0000000,0.0000000,1.0000000,0.0000000,0.0000000,0.0000000,0.0000000
GFGN,Federal general government (nondefense),0.0044866,0.0022266,0.0057283,0.0043265,0.0075750,0.0046502,0.0035962,0.0048213,0.0048160,0.0069432,0.0056046,0.0065797,0.0050729,0.0057380,0.0084625,0.0038517,0.0051411,0.0052308,0.0053098,0.0055832,0.0034382,0.0065770,0.0053076,0.0135165,0.0048999,0.0061655,0.0056531,0.0015610,0.0033356,0.0049889,0.0050420,0.0687778,0.0050589,0.0337877,0.0059966,0.0035748,0.0031215,0.0051498,0.0026527,0.0033053,0.0049348,0.0104314,0.0033573,0.0095388,0.0731046,0.0021180,0.0352732,0.0009499,0.0037391,0.0076552,0.0014935,0.0049592,0.0032567,0.0058815,0.0034723,0.0033974,0.0026045,0.0017201,0.0032661,0.0029652,0.0029868,0.0034308,0.0033094,0.0039086,0.0054241,0.0040081,0.0161352,1.0077791,0.0026240,0.0025955,0.0042046
GFE,Federal government enterprises,0.0033598,0.0012552,0.0026107,0.0033535,0.0017174,0.0040418,0.0024513,0.0031383,0.0034053,0.0044874,0.0035384,0.0034688,0.0013277,0.0038931,0.0039977,0.0021412,0.0031724,0.0023376,0.0036417,0.0033972,0.0023601,0.0039547,0.0032087,0.0031118,0.0027357,0.0035865,0.0103978,0.0035959,0.0049368,0.0037464,0.0070018,0.0025398,0.0020284,0.0299804,0.0100468,0.0047092,0.0030725,0.0047285,0.0055348,0.0020640,0.0034493,0.0019394,0.0037435,0.0037093,0.0105904,0.0016897,0.0056245,0.0004048,0.0031946,0.0058226,0.0015023,0.0017711,0.0023970,0.0020699,0.0024993,0.0032717,0.0019269,0.0021498,0.0046446,0.0027778,0.0032493,0.0019030,0.0025515,0.0054997,0.0085383,0.0019969,0.0014104,0.0015387,1.0030862,0.0025914,0.0027815
GSLG,State and local general government,0.0034692,0.0061615,0.0027437,0.0019269,0.0047594,0.0043936,0.0028476,0.0061877,0.0024585,0.0446494,0.0138797,0.0080914,0.0016079,0.0093633,0.0078161,0.0031424,0.0051555,0.0035188,0.0028545,0.0018337,0.0011591,0.0053576,0.0019868,0.0021460,0.0013432,0.0027361,0.0015425,0.0012490,0.0018703,0.0013352,0.0020564,0.0014373,0.0017647,0.0006492,0.0027995,0.0013902,0.0018718,0.0081269,0.0015380,0.0008663,0.0025306,0.0019174,0.0013389,0.0007303,0.0011384,0.0005131,0.0008352,0.0002278,0.0055975,0.0016413,0.0008304,0.0009871,0.0013335,0.0014859,0.0018429,0.0114850,0.0046808,0.0014261,0.0021464,0.0015793,0.0015738,0.0071565,0.0032274,0.0012724,0.0019370,0.0098683,0.0010685,0.0016536,0.0015502,1.0033082,0.0031582
GSLE,State and local government enterprises,0.0094391,0.0025306,0.0106510,0.0131770,0.0031453,0.0211533,0.0063931,0.0089627,0.0140013,0.0138938,0.0104906,0.0076945,0.0031026,0.0078618,0.0091849,0.0067187,0.0092262,0.0063191,0.0096653,0.0126856,0.0045181,0.0158074,0.0109129,0.0122722,0.0097486,0.0127420,0.0090891,0.0082672,0.0169116,0.0140187,0.0132421,0.0130719,0.0049629,0.0096719,0.0180078,0.0055008,0.0090975,0.0139575,0.0111504,0.0039091,0.0058037,0.0066326,0.0071044,0.0039369,0.0063587,0.0021788,0.0050336,0.0008185,0.0157690,0.0089455,0.0052252,0.0041112,0.0062183,0.0077506,0.0071894,0.0163662,0.0081239,0.0053945,0.0091603,0.0112566,0.0075126,0.0080812,0.0122874,0.0102785,0.0129437,0.0085961,0.0055125,0.0060804,0.0116139,0.0099753,1.0120907
,Total industry output requirement,2.2913896,1.5710911,1.9742413,1.9962360,1.5858655,1.7176904,1.9782849,2.3595354,2.0962495,2.6402716,2.4469758,2.3551645,1.5054594,2.3644759,2.9380758,2.0478433,2.3867993,1.9595657,2.6593144,2.4242075,1.9719233,2.4402918,2.0708193,2.5703398,2.0567657,2.4803695,1.8228004,1.5551060,1.7000013,1.6800317,1.8596228,2.0575524,1.9059220,2.2223653,2.1080176,1.8732335,1.4875357,1.9149696,1.7231943,1.6540792,1.9196561,1.8985127,1.7600656,1.5737671,1.9111755,1.7857337,2.1406989,1.1929936,2.0879254,1.8241049,1.4244479,1.5134680,1.6852047,1.6739301,1.8406657,2.1150162,1.5530323,1.6061459,1.8370493,1.7627665,1.8111768,1.7446995,1.7762186,1.5790464,1.9513208,1.6966754,1.7265865,1.6679204,1.6813833,1.8039809,2.2693886

Legend/Footnotes
Note. Detail may not add to total due to rounding.
